{"name":"Saboor Ahmed","headerTaglineOne":"Hello 👋","headerTaglineTwo":"I'm Saboor Ahmed","headerTaglineThree":"Full Stack Developer","headerTaglineFour":"","showCursor":true,"showBlog":true,"darkMode":true,"showResume":true,"socials":[{"id":"1","title":"Github","link":"https://github.com/Saboor1122"},{"id":"2","title":"LinkedIn","link":"https://www.linkedin.com/in/saboor-ahmed-b5973b1b6/"},{"id":"4","title":"Blog","link":""},{"id":"5","title":"Email","link":"mailto:saboorahmed984@gmail.com"}],"projects":[{"id":"1","title":"OIL COMPANY PORTAL","description":"USA","imageSrc":"/images/img11.png","url":"https://startexportal.com/login"},{"id":"2","title":"Inventory Management System","description":"Saudi Arabia","imageSrc":"/images/img22.png","url":"https://safeeyesjewelers.com/"},{"id":"3","title":"Roofing Company Website","description":"USA","imageSrc":"/images/img33.png","url":"https://quantumrestorationpro.com/"},{"id":"4","title":"Food Business","description":"USA","imageSrc":"/images/img4.png","url":"https://heatwavehotwiches.com/"},{"id":"5","title":"Company Website","description":"UAE","imageSrc":"/images/img5.png","url":"https://boxtech.ai/"},{"id":"6","title":"MedSpa Website","description":"USA","imageSrc":"/images/img6.png","url":"https://theupkeephouston.com/"}],"services":[{"id":"1","title":"Custom Software Development","description":"We provide custom software development services tailored to your business needs using technologies like PHP (Laravel), Python (Django, Flask), Node.js, and React. Our solutions ensure scalability, security, and seamless integration for web and mobile applications. "},{"id":"2","title":"Web Development","description":"Our web development services include both frontend and backend development, creating fast, responsive, and scalable web applications. We specialize in Next.js, React, Vue.js, and Angular for the frontend, and Node.js, PHP (Laravel), and Python (Django, Flask) for the backend, ensuring high performance and security."},{"id":"3","title":"Web Design","description":"Our web design services focus on creating visually stunning, user-friendly, and responsive designs that enhance user experience. We use Figma, Adobe XD, and Sketch to craft modern UI/UX designs, ensuring seamless navigation and brand consistency across all devices."},{"id":"4","title":"3D Design","description":"Our 3D design services bring ideas to life with high-quality modeling, rendering, and animations. We use Blender, 3ds Max, and Cinema 4D to create realistic visuals for branding, product design, architecture, and immersive experiences."},{"id":"5","title":"BlockChain Web 3.0 Development","description":"Our blockchain development services include smart contract development, decentralized applications (dApps), NFT marketplaces, and cryptocurrency wallets using Ethereum, Solana, Binance Smart Chain, and Hyperledger. We ensure secure, scalable, and transparent blockchain solutions for various industries."},{"id":"6","title":"Mobile App Development","description":"Our mobile app development services cover Android and iOS applications using React Native, Flutter, Swift, and Kotlin. We build high-performance, user-friendly, and scalable mobile apps tailored to your business needs, ensuring a seamless user experience."}],"aboutpara":"I lead a dedicated team of 10 skilled developers and designers, delivering high-quality digital solutions. With 4 years of experience as a developer and business development executive lead, I specialize in web and mobile app development, UI/UX design, and blockchain solutions. My expertise in both technical development and strategic business growth ensures that our team creates innovative, scalable, and results-driven solutions for clients worldwide.","resume":{"tagline":"👋  I'm a Software Engineer.","description":"With 4 years of experience as a developer and business development executive lead, I specialize in web and mobile app development, UI/UX design, and blockchain solutions. My expertise in both technical development and strategic business growth enables me to deliver innovative, scalable, and results-driven solutions for clients worldwide","experiences":[{"id":"1","dates":"September 2023-October 2023 ","type":"Full Time","position":"Full Stack Developer","bullets":"Bullet One, Bullet Two"},{"id":"d495c23b-4f65-479a-9b8a-cfbc1c089725","dates":"Jan 2024-Present","type":"Hybrid","position":"Director of Quantum Catalyst LLC","bullets":"Working as a Software Development Director"}],"education":{"universityName":"Confidential","universityDate":"2019-2023","universityPara":""},"languages":["Javascript","HTML5","CSS","Python"],"frameworks":["React","Typescript","NodeJs"],"others":["Figma","AdobeXD","AWS"]}}